<?xml version="1.0" encoding="UTF-8"?>
<!DOCTYPE mapper PUBLIC "-//mybatis.org//DTD Mapper 3.0//EN" "http://mybatis.org/dtd/mybatis-3-mapper.dtd" >

<mapper namespace="memberMapper">
	<!-- kr.co.greenart.model.dto.Member -->
	<resultMap type="member" id="memberResultSet">
		<result column="USER_IDX" property="memberIdx"></result>
		<result column="USER_EMAIL" property="memberEmail"></result>
		<result column="USER_NAME" property="memberName"></result>
		<result column="USER_PASSWORD" property="memberPassword"></result>
		<result column="USER_INDATE" property="memberIndate"></result>
		<result column="USER_REMOVE_DATE" property="memberRemoveDate"></result>
	</resultMap>
	
	<select id="loginMember" resultMap="memberResultSet">
		SELECT * FROM USER_MEMBER
		WHERE USER_EMAIL = #{memberEmail}
		AND USER_REMOVE_DATE IS NULL
	</select>
	
	<select id="checkEmail" resultType="_int">
		SELECT COUNT(*) FROM USER_MEMBER
		WHERE USER_EMAIL = #{email}
	</select>
	
	<insert id="registerMember" parameterType="member">
		INSERT INTO user_member (USER_IDX,
															USER_EMAIL,
															USER_NAME,
															USER_PASSWORD,
															USER_INDATE)
					 VALUES(USER_SEQ.NEXTVAL,
					        #{memberEmail},
					        #{memberName},
					        #{memberPassword},
					        SYSDATE)
	</insert>
	
</mapper>









