<?xml version="1.0" encoding="UTF-8"?>
<!DOCTYPE mapper PUBLIC "-//mybatis.org//DTD Mapper 3.0//EN" "http://mybatis.org/dtd/mybatis-3-mapper.dtd" >

<mapper namespace="boardMapper">
	<select id="searchListCount" resultType="_int">
		SELECT COUNT(*) FROM board
		WHERE B_TITLE LIKE '%'||#{searchTxt}||'%'
	</select>
	<select id="searchListAll" resultMap="boardResultSet">
    SELECT *
    FROM board
    WHERE B_TITLE LIKE '%'||#{searchTxt}||'%'
    ORDER BY B_INDATE DESC
</select>
	

	<select id="selectListCount" resultType="_int">
		SELECT COUNT(*) FROM board
	</select>
	
	<!-- DTO랑 똑같음, 근데 얘는 DB 컬럼이랑 DTO랑 맞춰주는거 -->
	<resultMap type="Board" id="boardResultSet">
		<result column="B_IDX" property="idx"></result>
		<result column="B_TITLE" property="title"></result>
		<result column="B_CONTENT" property="content"></result>
		<result column="B_WRITER" property="writer"></result>
		<result column="B_INDATE" property="indate"></result>
		<result column="B_COUNT" property="count"></result>
	</resultMap>
	
	<select id="selectListAll" resultMap="boardResultSet">
		SELECT * FROM board
		ORDER BY B_INDATE DESC
	</select>
	
	<insert id="insertBoard">
		INSERT INTO board(B_IDX,
						  B_TITLE,
						  B_CONTENT,
						  B_WRITER,
						  B_INDATE,
						  B_COUNT)
			   VALUES(seq_b_idx.NEXTVAL,
			   		  #{title},
			   		  #{content},
			   		  #{writer},
			   		  SYSDATE,
			   		  0)
	</insert>
	
	<select id="detailBoard" resultMap="boardResultSet">
		SELECT B_TITLE, B_CONTENT, B_COUNT, B_WRITER FROM board
		WHERE B_IDX = #{idx}
	</select>
	
	<update id="countBoard" parameterType="Board">
		UPDATE board SET b_count = #{count}
				     WHERE b_idx = #{idx}
	</update>
	
	<update id="updateBoard" parameterType="Board">
		UPDATE board SET b_title = #{title},
										 b_content = #{content}
								 WHERE b_idx = #{idx}
	</update>
	
	<delete id="deleteBoard" parameterType="Board">
		DELETE FROM board
		WHERE b_idx = #{idx}
	</delete>
	
	<delete id="uploadBoard">
		INSERT INTO board(B_IDX,
						  B_TITLE,
						  B_COUNT)
			   VALUES(seq_b_idx.NEXTVAL,
			   		  #{title},
			   		  #{content},
			   		  #{writer},
			   		  SYSDATE,
			   		  0)
	</delete>
	
	
</mapper>









