<?xml version="1.0" encoding="UTF-8"?>
<!DOCTYPE mapper PUBLIC "-//mybatis.org//DTD Mapper 3.0//EN" "http://mybatis.org/dtd/mybatis-3-mapper.dtd" >

<mapper namespace="boardMapper">
	<select id="selectListCount" resultType="_int">
		SELECT COUNT(*) FROM board
	</select>
	
	<!-- DTO랑 똑같음, 근데 얘는 DB 컬럼이랑 DTO랑 맞춰주는거 -->
	<resultMap type="Board" id="boardResultSet">
		<result column="B_IDX" property="idx"></result>
		<result column="B_TITLE" property="title"></result>
		<result column="B_CONTENT" property="content"></result>
		<result column="B_WRITER" property="writer"></result>
		<result column="B_INDATE" property="indate"></result>
		<result column="B_COUNT" property="count"></result>
	</resultMap>
	
	<select id="selectListAll" resultMap="boardResultSet">
		SELECT * FROM board
		ORDER BY B_INDATE DESC
	</select>
	
</mapper>









